experiment_name,architecture,activation,optimizer,learning_rate,batch_size,epochs,dropout,best_validation_loss,validation_accuracy,validation_f1,test_accuracy,test_precision,test_recall,test_f1
relu_adam_dropout,"[64, 32, 16]",relu,adam,0.001,32,120,0.2,0.3059927968887741,0.8772811425548797,0.909197651663405,0.8756942607775721,0.8809160305343512,0.9359286293592863,0.907589461266221
baseline_relu_adam,"[32, 16]",relu,adam,0.001,32,80,0.0,0.3180594465185035,0.8714625760380852,0.9058139534883721,0.8793969849246231,0.879245283018868,0.9448499594484996,0.9108678655199375
deeper_relu_adam,"[64, 32, 16]",relu,adam,0.001,32,100,0.0,0.3175715450104698,0.8717270563343031,0.905476515299162,0.8791325046284052,0.8800605372682557,0.943227899432279,0.910550009786651
leaky_relu_adam,"[32, 16]",leaky_relu,adam,0.001,32,100,0.0,0.3182525021965248,0.8706691351494313,0.9051406401551891,0.876223221370008,0.8755639097744361,0.9444444444444444,0.9087007413187671
relu_adam_small_lr,"[32, 16]",relu,adam,0.0003,32,120,0.0,0.32111178089516323,0.8709336154456493,0.9050952936600545,0.8780745834435335,0.8770214366303122,0.9456609894566099,0.9100487804878049
relu_rmsprop,"[32, 16]",relu,rmsprop,0.001,32,100,0.0,0.32171839781539735,0.8664374504099445,0.9022643700406425,0.8741073790002645,0.8760393046107332,0.9399837793998378,0.906885758998435
relu_sgd_momentum,"[32, 16]",relu,sgd_momentum,0.01,32,100,0.0,0.3189463728499733,0.8667019307061624,0.9016777214202107,0.8751653001851362,0.8802440884820748,0.9359286293592863,0.9072327044025157
tanh_sgd,"[32, 16]",tanh,sgd,0.01,32,100,0.0,0.32692056779915285,0.8659084898175086,0.9016488845780796,0.8722560169267389,0.8765666540068363,0.9359286293592863,0.9052755442243577
